,,,,,,,
,Rindu,"  search
  team",,,,,
,,,,,,,
,Name Autobot,Klasifikasi,Status,Tugas,Tujuan,Fungsi,Links autobuilder
,Bot Integrasi Data,Otobot Integrasi Lintas Superbot,‚è≥Build,Menyatukan data dari berbagai sumber,Menyediakan data terintegrasi,Mengintegrasikan data lintas departemen,
,Otobot Insight Generator,Otobot Integrasi Lintas Superbot,üöÄReady,Menganalisis data untuk insight,Memberikan wawasan strategis,Menghasilkan insight dari data terintegrasi,https://chatgpt.com/g/g-68da24d5e39c8191a82a77fb23103b02-insigo-otobot-insight-generator
,Otobot Proposal AI,Otobot Integrasi Lintas Superbot,‚è≥Build,Menyusun draf proposal inovasi,Menghasilkan proposal produk baru,Menyusun proposal otomatis berdasarkan data,
,Otobot Ideasi & Tren,Ideasi & Tren,üöÄReady,Menghasilkan ide dan tren baru,Meningkatkan inovasi produk,Mengidentifikasi ide dan tren baru,https://chatgpt.com/g/g-68da2b9f19d88191a2caf9795ef5a446-trenide-otobot-ideasi-tren
,Bot Analisis Tren Pasar,Ideasi & Tren,üöÄReady,Mengidentifikasi tren pasar terkini,Menentukan arah produk baru,Menganalisis tren pasar,https://chatgpt.com/g/g-68da2cbc92f48191b6687b775507cf37-matre-analisis-tren-market
,Bot Analisis Tren Teknologi,Ideasi & Tren,‚è≥Build,Mengidentifikasi teknologi baru,Menemukan peluang teknologi baru,Menganalisis tren teknologi,
,Bot Analisis Konsumen,Ideasi & Tren,‚è≥Build,Mengetahui preferensi konsumen,Memahami kebutuhan konsumen,Menganalisis perilaku konsumen,
,Bot Pemantau Media Sosial,Ideasi & Tren,‚è≥Build,Menganalisis media sosial,Menangkap tren dari media sosial,Memantau tren media sosial,
,Bot Analisis Kompetitor,Ideasi & Tren,‚è≥Build,Mengidentifikasi strategi kompetitor,Mengetahui posisi kompetitor,Menganalisis kompetitor,
,Bot Analisis Produk Kompetitor,Ideasi & Tren,‚è≥Build,Menganalisis produk pesaing,Menemukan keunggulan kompetitor,Menganalisis produk kompetitor,
,Bot Analisis Strategi Kompetitor,Ideasi & Tren,‚è≥Build,Mengidentifikasi strategi kompetitor,Mengatur strategi menghadapi kompetitor,Menganalisis strategi kompetitor,
,Bot Ideasi Konsep,Ideasi & Tren,‚è≥Build,Membuat konsep produk baru,Menemukan ide produk yang inovatif,Mengembangkan konsep ide produk,
,Bot Brainstorming,Ideasi & Tren,‚è≥Build,Mengumpulkan ide-ide kreatif,Memulai proses ideasi,Menghasilkan ide melalui brainstorming,
,Bot Evaluasi Ide,Ideasi & Tren,‚è≥Build,Menilai kelayakan ide,Menentukan ide yang layak dipilih,Mengevaluasi ide produk,
,Trend Monitoring Bot,Ideasi & Tren,‚è≥Build,Memantau perkembangan tren,Menyusun daftar tren terbaru,Memantau tren pasar dan teknologi,
,Idea Generation Bot,Ideasi & Tren,‚è≥Build,Menyusun daftar ide baru,Menemukan konsep produk baru,Menghasilkan ide produk baru,
,Consumer Insight Bot,Ideasi & Tren,‚è≥Build,Mengumpulkan insight konsumen,Membantu dalam pengembangan produk,Menghasilkan wawasan dari konsumen,
,Idea Evaluation Bot,Ideasi & Tren,‚è≥Build,Memilih ide yang layak dikembangkan,Mengoptimalkan pemilihan ide produk,Mengevaluasi kualitas ide,
,Bot Perencanaan Strategi Produk,Ideasi & Tren,‚è≥Build,Menyusun strategi produk baru,Membangun rencana pengembangan produk,Merencanakan strategi produk,
,Bot Penilaian Risiko Tren,Ideasi & Tren,‚è≥Build,Menilai risiko tren pasar,Meminimalkan dampak risiko tren,Menganalisis risiko tren,
,Bot Penilaian Impact Tren,Ideasi & Tren,‚è≥Build,Menilai dampak tren terhadap produk,Memahami dampak tren pada produk,Menganalisis dampak tren,
,Otobot Riset Formula,Riset Formula & Bahan Aktif,‚è≥Build,Mencari bahan dan formula tepat,Menghasilkan formula produk baru,Meneliti bahan dan formula produk,
,Bot Riset Bahan,Riset Formula & Bahan Aktif,‚è≥Build,Menentukan bahan aktif yang tepat,Memilih bahan untuk formulasi,Menganalisis bahan aktif,
,Bot Riset Bahan Aktif,Riset Formula & Bahan Aktif,‚è≥Build,Menyusun bahan aktif untuk formula,Menentukan bahan aktif yang optimal,Menganalisis bahan aktif,
,Bot Riset Bahan Pendukung,Riset Formula & Bahan Aktif,‚è≥Build,Menyusun bahan pendukung formulasi,Menyediakan bahan pendukung yang sesuai,Mencari bahan pendukung,
,Bot Analisis Interaksi Bahan,Riset Formula & Bahan Aktif,‚è≥Build,Menilai interaksi antar bahan,Memastikan kompatibilitas bahan,Menganalisis interaksi bahan,
,Bot Riset Literatur & Paten,Riset Formula & Bahan Aktif,‚è≥Build,Mengidentifikasi penelitian terkait,Menemukan riset terkait bahan,Mencari literatur dan paten terkait,
,Bot Riset Jurnal Ilmiah,Riset Formula & Bahan Aktif,‚è≥Build,Mencari riset terbaru tentang bahan,Mengikuti perkembangan riset ilmiah,Meneliti jurnal ilmiah terkait,
,Bot Riset Paten,Riset Formula & Bahan Aktif,‚è≥Build,Mencari paten bahan atau formula,Menghindari pelanggaran paten,Menganalisis paten terkait produk,
,Bot Analisis Formula Kompetitor,Riset Formula & Bahan Aktif,‚è≥Build,Mengidentifikasi formula pesaing,Menemukan keunggulan formula,Menganalisis formula kompetitor,
,Bot Simulasi Formula,Riset Formula & Bahan Aktif,‚è≥Build,Menyimulasikan interaksi bahan,Mengoptimalkan formula produk,Mensimulasikan formula,
,Bot Kelayakan Formula,Riset Formula & Bahan Aktif,‚è≥Build,Memastikan formula sesuai standar,Memvalidasi kelayakan formula,Menguji kelayakan formula,
,Ingredient Research Bot,Riset Formula & Bahan Aktif,‚è≥Build,Mengidentifikasi bahan untuk produk,Memilih bahan baku yang relevan,Mencari bahan baku untuk formulasi,
,Formula Ideation Bot,Riset Formula & Bahan Aktif,‚è≥Build,Mengembangkan ide formulasi,Memulai proses formulasi,Menghasilkan ide formula,
,Literature Review Bot,Riset Formula & Bahan Aktif,‚è≥Build,Mencari referensi terkait formula,Mendapatkan data terkait bahan,Menyusun review literatur,
,Bot Riset Teknologi Enkapsulasi,Riset Formula & Bahan Aktif,‚è≥Build,Mencari teknologi enkapsulasi baru,Menggunakan teknologi enkapsulasi,Menganalisis teknologi enkapsulasi,
,Bot Riset Pengawet & Antibakteri,Riset Formula & Bahan Aktif,‚è≥Build,Mencari bahan pengawet yang efektif,Menjaga kualitas produk,Meneliti bahan pengawet & antibakteri,
,Bot Riset Teknologi Baru (Bahan),Riset Formula & Bahan Aktif,‚è≥Build,Mencari bahan dan teknologi baru,Meningkatkan kualitas dan inovasi,Meneliti teknologi bahan terbaru,
,Bot Evaluasi Sumber Bahan,Riset Formula & Bahan Aktif,‚è≥Build,Menilai sumber bahan yang sesuai,Menyusun bahan baku yang berkualitas,Mengevaluasi sumber bahan,
,Bot Analisis Keberlanjutan Bahan,Riset Formula & Bahan Aktif,‚è≥Build,Mengevaluasi dampak bahan,Memastikan keberlanjutan bahan,Menganalisis keberlanjutan bahan,
,Otobot Formulasi & Sampel,Formulasi & Sampel,‚è≥Build,Menyusun dan menguji sampel,Menyediakan sampel yang valid,Mengelola formulasi dan sampel,
,Bot Desain Formulasi,Formulasi & Sampel,‚è≥Build,Merancang formula produk,Membuat desain formula produk,Mendesain formula awal,
,Bot Formulasi Awal,Formulasi & Sampel,‚è≥Build,Mengembangkan formula awal,Menciptakan formula pertama,Membuat formula awal,
,Bot Optimasi Formulasi,Formulasi & Sampel,‚è≥Build,Menyesuaikan formula untuk efisiensi,Meningkatkan efektivitas formula,Mengoptimalkan formula,
,Bot Pembuatan Sampel Lab,Formulasi & Sampel,‚è≥Build,Membuat sampel formula produk,Menyediakan sampel untuk pengujian,Membuat sampel di lab,
,Bot Batch Kecil,Formulasi & Sampel,‚è≥Build,Menghasilkan sampel kecil,Menyediakan sampel untuk uji coba,Membuat batch kecil sampel,
,Bot Uji Coba Formula,Formulasi & Sampel,‚è≥Build,Melakukan pengujian awal formula,Memvalidasi efektivitas formula,Menguji coba formula,
,Bot Iterasi Prototipe,Formulasi & Sampel,‚è≥Build,Membuat perubahan pada prototipe,Menyempurnakan produk prototipe,Iterasi prototipe produk,
,Bot Penyesuaian Komposisi,Formulasi & Sampel,‚è≥Build,Menyesuaikan bahan dalam formula,Memastikan formula sesuai standar,Menyesuaikan komposisi formula,
,Bot Validasi Formulasi,Formulasi & Sampel,‚è≥Build,Menyelesaikan uji validasi formula,Menjamin kesesuaian formula produk,Memvalidasi formulasi,
,Formulation Bot,Formulasi & Sampel,‚è≥Build,Membantu dalam pembuatan formula,Menghasilkan formula yang tepat,Membantu dalam formulasi,
,Sample Preparation Bot,Formulasi & Sampel,‚è≥Build,Menyiapkan sampel untuk pengujian,Menyediakan sampel untuk evaluasi,Menyiapkan sampel untuk uji coba,
,Formula Iteration Bot,Formulasi & Sampel,‚è≥Build,Memodifikasi formula secara berkala,Memperbaiki dan menguji ulang formula,Mengiterasi formula,
,Bot Pengujian Prototipe,Formulasi & Sampel,‚è≥Build,Menguji prototipe formula,Menyempurnakan prototipe produk,Menguji prototipe produk,
,Bot Pemrograman Reaksi Formula,Formulasi & Sampel,‚è≥Build,Memrogramkan respons bahan,Meningkatkan efektivitas formula,Menentukan reaksi formula,
,Bot Pengujian Formula Awal,Formulasi & Sampel,‚è≥Build,Menjalankan uji coba formula,Menyediakan validasi formula awal,Menguji formula awal,
,Otobot Pengujian & Stabilitas,Pengujian & Stabilitas,‚è≥Build,Memantau dan melakukan pengujian stabilitas,Memastikan kualitas produk stabil,Mengelola pengujian stabilitas,
,Bot Uji Stabilitas,Pengujian & Stabilitas,‚è≥Build,Melakukan pengujian stabilitas,Menjamin kestabilan produk,Melakukan uji stabilitas formula,
,Bot Uji Stabilitas Dipercepat,Pengujian & Stabilitas,‚è≥Build,Menguji stabilitas dalam waktu singkat,Mempercepat validasi stabilitas produk,Melakukan uji stabilitas cepat,
,Bot Uji Stabilitas Real-Time,Pengujian & Stabilitas,‚è≥Build,Mengukur kestabilan dalam waktu nyata,Memastikan produk tahan lama,Menguji stabilitas real-time,
,Bot Uji Beku-Cair,Pengujian & Stabilitas,‚è≥Build,Mengukur kestabilan suhu produk,Menjamin kualitas dalam suhu ekstrim,Menguji siklus beku-cair,
,Bot Uji Fotostabilitas,Pengujian & Stabilitas,‚è≥Build,Menilai ketahanan terhadap sinar UV,Memastikan produk tahan cahaya,Menguji ketahanan terhadap cahaya,
,Bot Simulasi Transportasi,Pengujian & Stabilitas,‚è≥Build,Menguji ketahanan selama transportasi,Memastikan produk tetap stabil dalam perjalanan,Mensimulasikan transportasi produk,
,Bot Uji Fisikokimia,Pengujian & Stabilitas,‚è≥Build,Menilai kestabilan fisik & kimia,Mengidentifikasi sifat bahan produk,Menguji sifat fisik dan kimia produk,
,Bot Uji pH,Pengujian & Stabilitas,‚è≥Build,Memeriksa tingkat pH produk,Memastikan pH sesuai standar,Mengukur pH produk,
,Bot Uji Viskositas,Pengujian & Stabilitas,‚è≥Build,Menguji kelikatan produk,Memastikan kekentalan produk,Mengukur viskositas produk,
,Bot Uji Densitas,Pengujian & Stabilitas,‚è≥Build,Menguji massa per volume produk,Memastikan densitas produk tepat,Mengukur densitas produk,
,Bot Uji Ukuran Partikel,Pengujian & Stabilitas,‚è≥Build,Menilai ukuran partikel bahan,Menjamin distribusi partikel yang tepat,Mengukur ukuran partikel produk,
,Bot Uji Penampilan,Pengujian & Stabilitas,‚è≥Build,Memeriksa tampilan produk,Memastikan produk memiliki penampilan baik,Menguji penampilan produk,
,Bot Uji Mikrobiologi,Pengujian & Stabilitas,‚è≥Build,Menguji ketahanan terhadap mikroba,Memastikan produk bebas mikroba,Menguji mikrobiologi produk,
,Bot Uji Challenge (Pengawet),Pengujian & Stabilitas,‚è≥Build,Menguji daya tahan pengawet,Memastikan pengawet berfungsi dengan baik,Menguji pengawet dalam produk,
,Bot Uji Beban Mikrob,Pengujian & Stabilitas,‚è≥Build,Menilai ketahanan terhadap mikroba,Memastikan ketahanan produk terhadap mikroba,Menguji beban mikrobial,
,Bot Uji Sterilitas,Pengujian & Stabilitas,‚è≥Build,Melakukan uji sterilisasi produk,Memastikan produk bebas dari mikroba berbahaya,Menguji sterilisasi produk,
,Bot Uji Keamanan,Pengujian & Stabilitas,‚è≥Build,Menilai risiko keamanan produk,Memastikan produk aman digunakan,Menguji keamanan produk,
,Bot Uji Iritasi Kulit,Pengujian & Stabilitas,‚è≥Build,Mengukur efek iritasi pada kulit,Memastikan produk tidak iritatif,Menguji iritasi pada kulit,
,Bot Uji Sensitisasi,Pengujian & Stabilitas,‚è≥Build,Menilai sensitivitas produk,Memastikan produk tidak menimbulkan reaksi alergi,Menguji sensitisasi produk,
,Bot Uji Toksisitas,Pengujian & Stabilitas,‚è≥Build,Menilai efek toksik pada produk,Memastikan produk tidak beracun,Menguji toksisitas produk,
,Bot Uji Kompatibilitas,Pengujian & Stabilitas,‚è≥Build,Menilai kecocokan bahan produk,Memastikan bahan cocok satu sama lain,Menguji kompatibilitas bahan,
,Bot Uji Kompatibilitas Kemasan,Pengujian & Stabilitas,‚è≥Build,Menilai interaksi produk dengan kemasan,Memastikan kemasan tidak merusak produk,Menguji kompatibilitas kemasan,
,Bot Uji Kompatibilitas Proses,Pengujian & Stabilitas,‚è≥Build,Menilai kecocokan proses produksi,Memastikan proses produksi sesuai,Menguji proses kompatibilitas,
,Bot Validasi Metode Pengujian,Pengujian & Stabilitas,‚è≥Build,Menilai metode pengujian yang digunakan,Menjamin hasil pengujian valid,Memvalidasi metode pengujian,
,Stability Testing Bot,Pengujian & Stabilitas,‚è≥Build,Menguji kestabilan produk,Memastikan produk tetap stabil,Melakukan uji stabilitas produk,
,Physical & Chemical Testing Bot,Pengujian & Stabilitas,‚è≥Build,Mengukur sifat fisik dan kimia,Memastikan kualitas produk konsisten,Melakukan uji fisik & kimia,
,Microbiological Testing Bot,Pengujian & Stabilitas,‚è≥Build,Menilai keberadaan mikroorganisme,Memastikan produk bebas dari mikroba berbahaya,Menguji uji mikrobiologi,
,Bot Pengujian Keberlanjutan,Pengujian & Stabilitas,‚è≥Build,Menilai dampak lingkungan produk,Memastikan produk ramah lingkungan,Menguji keberlanjutan produk,
,Bot Pengujian Kinerja dalam Penggunaan Sehari-hari,Pengujian & Stabilitas,‚è≥Build,Menilai efisiensi produk sehari-hari,Memastikan produk berfungsi optimal dalam pemakaian sehari-hari,Menguji kinerja produk harian,
,Otobot Evaluasi Performa,Evaluasi Performa,‚è≥Build,Menilai kinerja produk/layanan,Menyusun laporan performa produk,Mengelola evaluasi performa,
,Bot Uji Efikasi Pengguna,Evaluasi Performa,‚è≥Build,Melakukan uji coba pada pengguna,Menilai keefektifan produk bagi pengguna,Menguji efikasi produk pada pengguna,
,Bot Uji Aplikasi,Evaluasi Performa,‚è≥Build,Melakukan uji aplikasi pada produk,Memastikan produk diterima dengan baik,Menguji aplikasi produk,
,Bot Uji Panel Konsumen,Evaluasi Performa,‚è≥Build,Mengumpulkan feedback panel konsumen,Menilai respons konsumen terhadap produk,Menguji reaksi panel konsumen,
,Bot Uji Fokus Grup,Evaluasi Performa,‚è≥Build,Melakukan sesi fokus grup,Mengumpulkan masukan mendalam tentang produk,Menguji melalui diskusi kelompok,
,Bot Survei Pengguna,Evaluasi Performa,‚è≥Build,Mengumpulkan data dari pengguna,Menilai pengalaman pengguna produk,Melakukan survei pengguna,
,Bot Analisis Ulasan Pelanggan,Evaluasi Performa,‚è≥Build,Memantau dan menganalisis feedback pelanggan,Memperbaiki produk berdasarkan ulasan,Menganalisis ulasan pelanggan,
,Bot Evaluasi Sensorik,Evaluasi Performa,‚è≥Build,Menganalisis aspek sensorik produk,Memastikan produk menyentuh semua indera dengan baik,Menguji sensasi produk,
,Bot Uji Banding Produk,Evaluasi Performa,‚è≥Build,Melakukan perbandingan produk,Menilai keunggulan dan kelemahan produk,Membandingkan produk dengan kompetitor,
,Bot Analisis Data Performa,Evaluasi Performa,‚è≥Build,Mengumpulkan dan menganalisis data,Mengoptimalkan kinerja produk berdasarkan data,Menganalisis data performa produk,
,Bot Validasi Klaim Produk,Evaluasi Performa,‚è≥Build,Memastikan klaim produk dapat dibuktikan,Menjamin keakuratan klaim produk,Memvalidasi klaim produk,
,Otobot Inovasi Proses,Inovasi Proses,‚è≥Build,Menilai dan merancang proses baru,Meningkatkan efisiensi dan inovasi,Mengelola inovasi proses produksi,
,Bot Desain Proses Baru,Inovasi Proses,‚è≥Build,Merancang proses produksi baru,Menyusun proses yang lebih efisien,Merancang desain proses baru,
,Bot Optimasi Proses Produksi,Inovasi Proses,‚è≥Build,Memperbaiki proses yang ada,Mengurangi pemborosan dalam produksi,Mengoptimalkan proses produksi,
,Bot Optimasi Parameter,Inovasi Proses,‚è≥Build,Mengatur dan menyesuaikan parameter,Meningkatkan efisiensi dan kualitas,Menyesuaikan parameter produksi,
,Bot Analisis Bottleneck,Inovasi Proses,‚è≥Build,Mengidentifikasi masalah dalam proses,Mempercepat aliran produksi,Menganalisis bottleneck dalam proses,
,Bot Otomasi & Robotika,Inovasi Proses,‚è≥Build,Mengimplementasikan solusi otomatis,Meningkatkan kecepatan dan akurasi,Menerapkan otomatisasi dan robotik,
,Bot Integrasi Teknologi Baru,Inovasi Proses,‚è≥Build,Menerapkan teknologi terkini,Menjamin kemajuan teknologi dalam produksi,Mengintegrasikan teknologi baru,
,Bot Simulasi Proses Produksi,Inovasi Proses,‚è≥Build,Mensimulasikan proses produksi,Mengoptimalkan alur produksi,Melakukan simulasi proses produksi,
,Bot Peningkatan Keberlanjutan Proses,Inovasi Proses,‚è≥Build,Memastikan keberlanjutan produksi,Menjamin ramah lingkungan dan efisien,Meningkatkan keberlanjutan proses,
,Bot Pengendalian Kualitas Proses,Inovasi Proses,‚è≥Build,Memastikan kualitas produksi tetap terjaga,Menjamin hasil produksi yang berkualitas,Mengontrol kualitas proses produksi,
,Bot Efisiensi Energi Produksi,Inovasi Proses,‚è≥Build,Menurunkan penggunaan energi,Mengurangi biaya operasional,Mengoptimalkan konsumsi energi,
,Bot Pengujian Keberlanjutan Proses,Inovasi Proses,‚è≥Build,Melakukan uji keberlanjutan pada proses,Mengurangi dampak lingkungan dalam produksi,Menguji keberlanjutan proses,
,Bot Pengujian Kinerja Mesin,Inovasi Proses,‚è≥Build,Menilai kinerja mesin dalam produksi,Memastikan mesin berfungsi optimal,Menguji performa mesin produksi,
,Otobot Pengembangan Kemasan,Pengembangan Kemasan,‚è≥Build,Merancang dan mengembangkan kemasan,Meningkatkan daya tarik dan keamanan produk,Mengelola pengembangan kemasan,
,Bot Desain Kemasan,Pengembangan Kemasan,‚è≥Build,Membuat desain kemasan produk,Membuat kemasan yang menarik dan fungsional,Mendesain kemasan produk,
,Bot Desain Struktural,Pengembangan Kemasan,‚è≥Build,Merancang kemasan dengan struktur yang kuat,Menjamin kemasan aman dan kokoh,Mendesain struktur kemasan,
,Bot Desain Grafis,Pengembangan Kemasan,‚è≥Build,Membuat desain grafis untuk kemasan,Membuat kemasan visual menarik,Mendesain grafis kemasan,
,Bot Pemilihan Material,Pengembangan Kemasan,‚è≥Build,Memilih bahan kemasan yang tepat,Menjamin material kemasan aman dan efisien,Memilih material kemasan,
,Bot Prototipe Kemasan,Pengembangan Kemasan,‚è≥Build,Mengembangkan prototipe kemasan,Menguji desain kemasan sebelum produksi massal,Membuat prototipe kemasan,
,Bot Pencetakan 3D Kemasan,Pengembangan Kemasan,‚è≥Build,Mencetak desain kemasan secara tiga dimensi,Mengoptimalkan desain kemasan dengan teknologi 3D,Melakukan pencetakan 3D kemasan,
,Bot Mockup Digital,Pengembangan Kemasan,‚è≥Build,Mendesain mockup digital kemasan,Menyediakan representasi digital dari kemasan,Membuat mockup digital kemasan,
,Bot Pengujian Kemasan,Pengembangan Kemasan,‚è≥Build,Melakukan uji ketahanan kemasan,Memastikan kemasan tahan lama dan aman,Menguji kekuatan dan fungsionalitas kemasan,
,Bot Uji Jatuh,Pengembangan Kemasan,‚è≥Build,Menguji kemasan dengan uji jatuh,Menilai ketahanan kemasan terhadap benturan,Menguji ketahanan jatuh kemasan,
,Bot Uji Getaran,Pengembangan Kemasan,‚è≥Build,Menguji ketahanan kemasan terhadap getaran,Menjamin kemasan tidak rusak saat pengiriman,Menguji ketahanan getaran kemasan,
,Bot Uji Kebocoran,Pengembangan Kemasan,‚è≥Build,Memastikan kemasan tidak bocor,Memastikan kemasan tidak bocor saat pengiriman,Menguji ketahanan kebocoran kemasan,
,Bot Uji Ketahanan Suhu,Pengembangan Kemasan,‚è≥Build,Menguji kemasan dalam kondisi suhu ekstrem,Menjamin kemasan tahan suhu ekstrem,Menguji ketahanan suhu kemasan,
,Bot Uji Kompatibilitas Produk,Pengembangan Kemasan,‚è≥Build,Memastikan produk tidak bereaksi negatif dengan kemasan,Menjamin produk tetap aman dalam kemasan,Menguji kompatibilitas produk dan kemasan,
,Bot Evaluasi Pengguna Kemasan,Pengembangan Kemasan,‚è≥Build,Menganalisis feedback pengguna tentang kemasan,Memastikan kemasan sesuai dengan preferensi pengguna,Mengumpulkan evaluasi pengguna,
,Bot Kepatuhan Kemasan,Pengembangan Kemasan,‚è≥Build,Memastikan kemasan sesuai regulasi,Menjamin kemasan aman dan sesuai standar,Memastikan kepatuhan kemasan,
,Bot Kepatuhan Label,Pengembangan Kemasan,‚è≥Build,Memastikan label sesuai dengan standar yang berlaku,Menjamin produk tidak melanggar regulasi label,Memastikan label sesuai regulasi,
,Bot Kepatuhan Material,Pengembangan Kemasan,‚è≥Build,Memastikan bahan kemasan aman,Menjamin kualitas bahan baku kemasan,Memastikan material kemasan sesuai standar,
,Bot Optimasi Biaya Kemasan,Pengembangan Kemasan,‚è≥Build,Menyusun kemasan dengan biaya efektif,Menurunkan biaya produksi kemasan,Mengoptimalkan biaya kemasan,
,Bot Daur Ulang & Keberlanjutan Kemasan,Pengembangan Kemasan,‚è≥Build,Menggunakan bahan daur ulang pada kemasan,Mengurangi dampak lingkungan kemasan,Mengembangkan kemasan ramah lingkungan,
,Packaging Design Bot,Pengembangan Kemasan,‚è≥Build,Menyusun desain kemasan yang menarik,Membuat kemasan estetis dan fungsional,Mendesain kemasan produk,
,Packaging Testing Bot,Pengembangan Kemasan,‚è≥Build,Menguji ketahanan kemasan produk,Menjamin kemasan aman dan kuat,Melakukan uji kekuatan kemasan,
,Material Compatibility Bot,Pengembangan Kemasan,‚è≥Build,Menguji kecocokan material dengan produk,Menjamin kemasan kompatibel dengan produk,Menguji kompatibilitas material kemasan,
,Otobot Dokumentasi & Regulasi,Dokumentasi & Regulasi,‚è≥Build,Memastikan kepatuhan terhadap regulasi,Menjamin kelancaran regulasi produk,Menyusun dan mengelola dokumentasi regulasi,
,Bot Kepatuhan Regulasi,Dokumentasi & Regulasi,‚è≥Build,Memastikan produk memenuhi standar lokal,Menghindari masalah regulasi lokal,Memastikan kepatuhan regulasi lokal,
,Bot Regulasi Lokal,Dokumentasi & Regulasi,‚è≥Build,Mematuhi peraturan lokal negara,Menjamin kepatuhan terhadap hukum lokal,Memastikan produk sesuai regulasi lokal,
,Bot Regulasi Internasional,Dokumentasi & Regulasi,‚è≥Build,Mematuhi regulasi internasional,Menghindari masalah hukum internasional,Memastikan produk sesuai regulasi internasional,
,Bot Pemenuhan Standar,Dokumentasi & Regulasi,‚è≥Build,Memastikan produk memenuhi standar internasional,Menjamin kualitas dan keselamatan produk,Memenuhi standar kualitas dan keamanan,
,Bot Dokumentasi Produk,Dokumentasi & Regulasi,‚è≥Build,Mengelola data produk terkait dokumen,Menyusun dokumen produk secara tepat,Membuat dokumentasi produk,
,Bot Penyusunan Dossier,Dokumentasi & Regulasi,‚è≥Build,Menyusun dokumen legal produk,Memenuhi syarat legalitas produk,Menyusun dossier produk,
,Bot Penyusunan SDS,Dokumentasi & Regulasi,‚è≥Build,Mengelola data keselamatan bahan,Menjamin keselamatan bahan produk,Menyusun Safety Data Sheets (SDS),
,Bot Penyusunan COA,Dokumentasi & Regulasi,‚è≥Build,Mengelola data analisis produk,Menyusun laporan pengujian produk,Menyusun Certificate of Analysis (COA),
,Bot Penyusunan Laporan Uji,Dokumentasi & Regulasi,‚è≥Build,Menyusun laporan hasil uji produk,Memberikan bukti validitas produk,Menyusun laporan uji,
,Bot Dokumentasi Label & Klaim,Dokumentasi & Regulasi,‚è≥Build,Membuat label yang sesuai dengan standar hukum,Menjamin label sesuai dengan peraturan,Menyusun label produk sesuai regulasi,
,Bot Sertifikasi Produk,Dokumentasi & Regulasi,‚è≥Build,Mendapatkan sertifikasi untuk produk,Memastikan produk memenuhi sertifikasi yang diperlukan,Memastikan produk mendapatkan sertifikasi,
,Bot Sertifikasi Keamanan/Mutu,Dokumentasi & Regulasi,‚è≥Build,Menjamin produk bebas dari potensi bahaya,Menjamin keamanan produk bagi konsumen,Mendapatkan sertifikasi keamanan produk,
,Bot Sertifikasi Halal/Organik,Dokumentasi & Regulasi,‚è≥Build,Memastikan produk memenuhi kriteria halal,Menjamin produk sesuai dengan nilai halal,Mendapatkan sertifikasi halal/organik,
,Bot Sertifikasi Lainnya,Dokumentasi & Regulasi,‚è≥Build,Memenuhi berbagai sertifikasi tambahan,Memenuhi persyaratan legal dan kualitas lainnya,Mengurus sertifikasi produk lainnya,
,Bot Paten & HKI,Dokumentasi & Regulasi,‚è≥Build,Mengurus paten dan hak cipta,Menjamin perlindungan hak kekayaan intelektual,Mengelola hak kekayaan intelektual (HKI),
,Bot Pencarian Paten,Dokumentasi & Regulasi,‚è≥Build,Menelusuri paten terkait produk,Menjamin orisinalitas dan perlindungan produk,Menyusun pencarian paten terkait produk,
,Bot Penyusunan Dokumen Paten,Dokumentasi & Regulasi,‚è≥Build,Menyusun dokumen paten yang diperlukan,Menjamin pengakuan paten produk,Menyusun dokumen paten produk,
,Bot Pengelolaan Merek/Hak Cipta,Dokumentasi & Regulasi,‚è≥Build,Mengurus pengurusan merek dan hak cipta,Memastikan merek dan produk terlindungi hukum,Mengelola merek dan hak cipta,
,Bot Audit & Legal,Dokumentasi & Regulasi,‚è≥Build,Melakukan audit legalitas produk,Memastikan legalitas produk di pasar,Mengelola audit dan regulasi legal,
,Bot Persiapan Audit,Dokumentasi & Regulasi,‚è≥Build,Menyusun laporan audit untuk produk,Memastikan kesiapan untuk audit legal,Menyusun persiapan audit,
,Bot Kepatuhan Internal,Dokumentasi & Regulasi,‚è≥Build,Memeriksa kepatuhan terhadap kebijakan internal,Menjamin kesesuaian dengan regulasi internal,Memastikan kepatuhan internal,
,Bot Pengelolaan Sertifikasi,Dokumentasi & Regulasi,‚è≥Build,Memastikan produk mematuhi standar sertifikasi,Menjamin kelancaran proses sertifikasi produk,Mengelola sertifikasi produk,
,Bot Penyusunan Paten,Dokumentasi & Regulasi,‚è≥Build,Menyusun permohonan paten,Mengurus hak paten untuk produk,Menyusun dokumen paten produk,
,Bot Pengelolaan Sertifikasi,Dokumentasi & Regulasi,‚è≥Build,Mengelola dokumen sertifikasi,Menjamin kelancaran proses sertifikasi,Mengelola sertifikasi produk,
,Otobot Transfer Produksi,Transfer Produksi,‚è≥Build,Menjamin kelancaran transfer produksi,Memastikan transisi produksi lancar,Mengelola transfer produksi,
,Bot Transfer Teknologi Produksi,Transfer Produksi,‚è≥Build,Memindahkan teknologi produksi,Menjamin teknologi dipindahkan dengan benar,Mengelola transfer teknologi,
,Bot Batch Pilot,Transfer Produksi,‚è≥Build,Mengelola batch pilot produksi,Menjamin kelancaran produksi pertama,Mengelola produksi skala pilot,
,Bot Skala Produksi,Transfer Produksi,‚è≥Build,Memastikan produksi skala besar berjalan baik,Memastikan kapasitas produksi besar tercapai,Mengelola produksi skala besar,
,Bot Validasi Proses Produksi,Transfer Produksi,‚è≥Build,Menguji kinerja proses produksi,Memastikan proses produksi valid dan efisien,Validasi proses produksi,
,Bot Validasi Parameter Kunci,Transfer Produksi,‚è≥Build,Menyusun parameter kunci produksi,Memastikan produksi sesuai parameter yang ditentukan,Memvalidasi parameter produksi,
,Bot Validasi Kinerja Mesin,Transfer Produksi,‚è≥Build,Memastikan mesin berfungsi optimal,Menjamin mesin berfungsi dengan baik,Validasi kinerja mesin produksi,
,Bot SOP Produksi,Transfer Produksi,‚è≥Build,Menyusun prosedur operasi standar,Memastikan operasional berjalan sesuai SOP,Mengelola SOP produksi,
,Bot Pelatihan Produksi,Transfer Produksi,‚è≥Build,Melatih operator produksi,Menjamin kualitas operasional produksi,Pelatihan untuk produksi,
,Bot Pelatihan Operator,Transfer Produksi,‚è≥Build,Memberikan pelatihan untuk operator,Menjamin operator terlatih dan kompeten,Pelatihan operator produksi,
,Bot Pelatihan Perawatan,Transfer Produksi,‚è≥Build,Melatih teknisi untuk perawatan mesin,Menjamin mesin terawat dengan baik,Pelatihan untuk perawatan mesin,
,Bot Uji Coba Produksi Awal,Transfer Produksi,‚è≥Build,Menguji proses produksi awal,Memastikan hasil produksi awal dapat diproduksi dengan baik,Uji coba produksi awal,
,Bot Integrasi Supply Chain (Pengadaan Bahan),Transfer Produksi,‚è≥Build,Mengelola alur bahan produksi,Menjamin aliran bahan baku lancar,Mengelola integrasi supply chain,
,Bot Integrasi QC Produksi,Transfer Produksi,‚è≥Build,Memastikan kualitas produk terjaga,Menjamin kualitas produk diproduksi sesuai standar,Integrasi kontrol kualitas,
,Bot Pemantauan Produksi Awal,Transfer Produksi,‚è≥Build,Memantau proses produksi awal,Menjamin proses produksi awal berjalan lancar,Pemantauan produksi awal,
,Scale-Up Bot,Transfer Produksi,‚è≥Build,Membantu peningkatan produksi,Menjamin kapasitas produksi meningkat,Memfasilitasi scale-up produksi,
,Production Transfer Bot,Transfer Produksi,‚è≥Build,Memastikan proses transfer lancar,Menjamin produksi yang lebih besar tercapai,Mengelola transfer produksi,
,Bot Evaluasi Efisiensi Produksi,Transfer Produksi,‚è≥Build,Menilai efisiensi proses produksi,Menjamin efisiensi dalam proses produksi,Evaluasi efisiensi produksi,
,Bot Pemantauan Produksi Real-Time,Transfer Produksi,‚è≥Build,Memantau produksi secara real-time,Menjamin produksi berjalan dengan efisien,Pemantauan produksi real-time,
,Otobot Pendukung,Pendukung,‚è≥Build,Memberikan dukungan dalam proyek,Menjamin kelancaran proyek R\&D,Memberikan dukungan operasional,
,Bot Manajemen Proyek,Pendukung,‚è≥Build,Mengelola keseluruhan proyek,Menjamin proyek selesai tepat waktu,Mengelola proyek R\&D,
,Bot Perencanaan & Timeline,Pendukung,‚è≥Build,Menyusun rencana timeline proyek,Menjamin pencapaian proyek sesuai waktu,Membuat perencanaan dan timeline,
,Bot Monitoring Progres,Pendukung,‚è≥Build,Memantau kemajuan proyek,Menjamin proyek selesai sesuai rencana,Memantau progres proyek,
,Bot Pengingat Deadline,Pendukung,‚è≥Build,Memberikan pengingat terkait deadline,Menjamin waktu penyelesaian tepat,Mengingatkan tentang deadline,
,Bot Manajemen Pengetahuan,Pendukung,‚è≥Build,Mengelola data dan pengetahuan,Memastikan pengetahuan terkumpul,Mengelola basis pengetahuan,
,Bot Basis Data Formula,Pendukung,‚è≥Build,Menyusun basis data formula,Menjamin data formula lengkap,Menyimpan data formula,
,Bot Basis Data Bahan Baku,Pendukung,‚è≥Build,Menyusun basis data bahan baku,Menjamin data bahan baku terorganisir,Menyimpan data bahan baku,
,Bot Pembelajaran Proyek,Pendukung,‚è≥Build,Memberikan informasi tentang proyek,Memastikan tim memahami proyek,Mengelola pembelajaran proyek,
,Bot Kolaborasi Tim,Pendukung,‚è≥Build,Membantu komunikasi antar tim,Memastikan tim bekerja bersama,Meningkatkan kolaborasi tim,
,Bot Integrasi Marketing,Penghubung Lintas Superbot,‚è≥Build,Menyusun alur komunikasi pemasaran,Menjamin integrasi antara marketing dan R\&D,Mengintegrasi marketing dengan R\&D,
,Bot Integrasi Penjualan,Penghubung Lintas Superbot,‚è≥Build,Menyusun alur komunikasi penjualan,Menjamin integrasi antara penjualan dan R\&D,Mengintegrasi penjualan dengan R\&D,
,Bot Integrasi Supply Chain,Penghubung Lintas Superbot,‚è≥Build,Menghubungkan alur pasokan bahan,Menjamin integrasi supply chain dengan produksi,Mengintegrasi supply chain dengan R\&D,
,Bot Integrasi Produksi,Penghubung Lintas Superbot,‚è≥Build,Menyusun alur produksi dengan R\&D,Menjamin produksi terintegrasi dengan R\&D,Mengintegrasi produksi dengan R\&D,
,Bot Integrasi QA/QC,Penghubung Lintas Superbot,‚è≥Build,Menjamin kualitas produk terjaga,Menjamin standar kualitas terjaga selama proses R\&D,Mengintegrasi QA/QC dengan R\&D,
,Bot Integrasi Layanan Pelanggan,Penghubung Lintas Superbot,‚è≥Build,Menghubungkan umpan balik pelanggan,Menjamin umpan balik pelanggan masuk ke dalam proses R\&D,Mengintegrasi layanan pelanggan dengan R\&D,
,Bot Integrasi Keuangan,Penghubung Lintas Superbot,‚è≥Build,Mengelola biaya dan anggaran R\&D,Menjamin aliran dana dan anggaran berjalan lancar,Mengintegrasi keuangan dengan R\&D,
,Bot Integrasi Manajemen,Penghubung Lintas Superbot,‚è≥Build,Menyusun alur kerja tim manajemen,Menjamin alur manajemen dalam R\&D,Mengintegrasi manajemen dengan R\&D,
,Bot Integrasi Umpan Balik Performa‚ÄìIdeasi & Tren,Penghubung Lintas Superbot,‚è≥Build,Menyusun umpan balik untuk pengembangan produk,Menjamin pengembangan produk berdasarkan umpan balik,Menghubungkan umpan balik performa dengan ideasi,
,Bot Umpan Balik Produksi ke R\&D,Penghubung Lintas Superbot,‚è≥Build,Menyusun laporan untuk pengembangan,Menjamin umpan balik produksi diterima oleh tim R\&D,Mengalirkan umpan balik produksi ke R\&D,
,Otobot Integrasi Data,Penghubung Lintas Superbot,‚è≥Build,Menyusun alur data antar departemen,Menjamin data terintegrasi antar tim,Mengelola integrasi data antar departemen,
,Otobot Insight Generator,Penghubung Lintas Superbot,‚è≥Build,Menyusun analisis data dari R\&D,Menjamin wawasan data dihasilkan dari R\&D,Menghasilkan insight dari data R\&D,
,Otobot Proposal AI,Penghubung Lintas Superbot,‚è≥Build,Membantu menyusun proposal R\&D,Menjamin proposal R\&D berbasis teknologi canggih,Membantu pembuatan proposal berbasis AI,
,Microbot Analisis Data Besar,Analitik & AI,‚è≥Build,Mengolah data dalam jumlah besar,Menyusun wawasan dari data besar,Menganalisis data besar,
,Microbot Prediksi Stabilitas,Analitik & AI,‚è≥Build,Memprediksi masa depan produk,Menjamin kestabilan produk dalam jangka panjang,Memprediksi stabilitas produk,
,Microbot Optimasi Formula,Analitik & AI,‚è≥Build,Mencapai hasil optimal dalam formula,Menjamin kualitas formula terbaik,Mengoptimalkan formula,
,Microbot Analisis Citra,Analitik & AI,‚è≥Build,Memproses dan menganalisis citra,Menjamin analisis citra produk akurat,Menganalisis citra produk,
,Microbot Sensor Suhu,Pengujian & Instrumentasi,‚è≥Build,Memantau suhu produk,Menjamin suhu produk sesuai standar,Mengukur suhu,
,Microbot Sensor Kelembaban,Pengujian & Instrumentasi,‚è≥Build,Memantau kelembaban produk,Menjamin kelembaban produk terkontrol,Mengukur kelembaban,
,Microbot Monitoring Real-Time,Pengujian & Instrumentasi,‚è≥Build,Memantau data secara langsung,Menjamin data real-time terpantau,Monitoring real-time,
,Microbot Uji Spektroskopi,Pengujian & Instrumentasi,‚è≥Build,Menguji produk dengan spektroskopi,Menjamin kualitas produk sesuai standar,Melakukan uji spektroskopi,
,Microbot Uji Kromatografi,Pengujian & Instrumentasi,‚è≥Build,Memproses produk menggunakan kromatografi,Menjamin hasil uji kromatografi tepat,Melakukan uji kromatografi,
,Microbot Kontrol Alat,Otomasi & Proses,‚è≥Build,Memastikan kontrol alat berjalan,Menjamin alat produksi bekerja optimal,Mengontrol alat produksi,
,Microbot Robotika Laboratorium,Otomasi & Proses,‚è≥Build,Menyusun proses otomatisasi laboratorium,Menjamin efisiensi laboratorium melalui robotika,Menggunakan robot di laboratorium,
,Microbot Integrasi IoT,Otomasi & Proses,‚è≥Build,Menyusun konektivitas antar alat,Menjamin sistem otomatis bekerja secara menyeluruh,Mengintegrasikan IoT dengan sistem,
,Microbot Simulasi Proses,Otomasi & Proses,‚è≥Build,Menyusun skenario simulasi proses,Menjamin proses produksi optimal melalui simulasi,Mensimulasikan proses produksi,
,Microbot Integrasi API,Komunikasi & Integrasi,‚è≥Build,Menyusun alur komunikasi data antar sistem,Menjamin komunikasi antar sistem API berjalan lancar,Mengintegrasikan API,
,Microbot Notifikasi,Komunikasi & Integrasi,‚è≥Build,Menyusun notifikasi kepada pengguna,Menjamin komunikasi berjalan melalui notifikasi,Mengirimkan notifikasi,
,Microbot Asisten Chat,Komunikasi & Integrasi,‚è≥Build,Menyusun alur percakapan chatbot,Menjamin percakapan berjalan dengan lancar,Mengelola chat otomatis,
,Microbot Transformasi Data,Komunikasi & Integrasi,‚è≥Build,Menyusun proses transformasi data,Menjamin integrasi data berjalan mulus,Mengonversi data,
,Label Validator Bot,Komunikasi & Integrasi,‚è≥Build,Memeriksa kesesuaian label produk,Menjamin label produk sesuai standar,Memvalidasi label produk,
,Sampling Logistics Bot,Komunikasi & Integrasi,‚è≥Build,Menyusun alur pengiriman sampel,Menjamin distribusi sampel berjalan efektif,Mengatur logistik sampel,
,Archive & Retrieval Bot,Komunikasi & Integrasi,‚è≥Build,Menyusun sistem arsip data,Menjamin akses data cepat dan efisien,Mengelola arsip dan pengambilan data,
,Feedback Aggregator Bot,Komunikasi & Integrasi,‚è≥Build,Menyusun laporan umpan balik,Menjamin umpan balik terorganisir dan efisien,Mengumpulkan umpan balik,
,Batch Report Builder Bot,Komunikasi & Integrasi,‚è≥Build,Menyusun laporan batch R\&D,Menjamin pembuatan laporan batch berjalan efisien,Membuat laporan batch,
,Bot Riset Keberlanjutan Bahan Baku,Riset & Pengembangan Bahan,‚è≥Build,Memeriksa dampak lingkungan bahan,Meningkatkan keberlanjutan dalam produksi,Menilai keberlanjutan bahan baku,
,Bot Riset Alternatif Bahan,Riset & Pengembangan Bahan,‚è≥Build,Menyusun bahan alternatif,Mengurangi dampak lingkungan,Meneliti bahan pengganti ramah lingkungan,
,Bot Pemilihan Bahan Berdasarkan Kinerja,Riset & Pengembangan Bahan,‚è≥Build,Menilai kinerja bahan dalam aplikasi produk,Memastikan kualitas produk dengan bahan yang tepat,Memilih bahan berdasarkan kinerja produk,
,Bot Uji Perilaku Pengemasan,Pengujian & Validasi,‚è≥Build,Memverifikasi ketahanan kemasan pada berbagai kondisi,Menjamin kemasan aman dan kuat,Menguji kekuatan dan daya tahan kemasan,
,Bot Uji Konsistensi Formula,Pengujian & Validasi,‚è≥Build,Memeriksa keseragaman formula,Menjaga standar kualitas produk,Menilai konsistensi produk dalam batch,
,Bot Uji Daya Serap,Pengujian & Validasi,‚è≥Build,Mengukur kemampuan bahan untuk menyerap atau melepaskan zat aktif,Memastikan performa bahan dalam produk,Menilai daya serap bahan,
,Bot Uji Keberhasilan Formula,Pengujian & Validasi,‚è≥Build,Mengukur keberhasilan formula,Memastikan produk efektif dalam penggunaan,Menguji efektivitas formula dalam kondisi nyata,
,Bot Uji Perubahan Warna (Color Change),Pengujian & Validasi,‚è≥Build,Memantau perubahan warna produk,Menjamin kualitas dan tampilan produk tetap konsisten,Menguji stabilitas warna produk,
,Bot Optimasi Penggunaan Bahan,Simulasi & Optimasi,‚è≥Build,Menyusun formula yang efisien,Mengurangi pemborosan bahan dalam produksi,Mengoptimalkan jumlah bahan dalam produksi,
,Bot Simulasi Proses Pengemasan,Simulasi & Optimasi,‚è≥Build,Menguji alur pengemasan dengan skenario,Memastikan pengemasan efisien dan efektif,Menyimulasikan proses pengemasan,
,Bot Kolaborasi Antar Tim R\&D,Kolaborasi Tim R\&D,‚è≥Build,Menyusun saluran komunikasi antar tim R\&D,Mempercepat pengembangan produk melalui kolaborasi,Memfasilitasi kolaborasi antar tim,
,Bot Manajemen Proyek R\&D,Kolaborasi Tim R\&D,‚è≥Build,Menyusun perencanaan dan penjadwalan proyek,Memastikan proyek selesai tepat waktu,Mengelola timeline proyek R\&D,
,Bot Pengelolaan Bahan Baku R\&D,Sumber Daya & Pengelolaan,‚è≥Build,Memantau stok bahan baku yang tersedia,Menjamin ketersediaan bahan untuk eksperimen,Mengelola inventaris bahan baku untuk penelitian,
,Bot Pengelolaan Anggaran R\&D,Sumber Daya & Pengelolaan,‚è≥Build,Memastikan alokasi dana sesuai kebutuhan,Mengoptimalkan penggunaan anggaran dalam riset,Mengelola anggaran proyek R\&D,
,Bot Pengamatan Tren Pasar,Inovasi & Tren,‚è≥Build,Menyusun laporan tentang tren pasar terbaru,Menjamin produk relevan dengan pasar,Memantau tren pasar yang relevan,
,Bot Evaluasi Inovasi Teknologi,Inovasi & Tren,‚è≥Build,Memeriksa potensi penerapan teknologi baru,Memastikan teknologi diterapkan dalam produksi,Menilai inovasi teknologi yang dapat diterapkan,
,Bot Kepatuhan Standar R\&D,Regulasi & Kepatuhan,‚è≥Build,Memverifikasi kepatuhan terhadap standar,Menjamin kepatuhan regulasi dalam R\&D,Memastikan produk R\&D memenuhi standar,
,Bot Pemantauan Peraturan Lingkungan,Regulasi & Kepatuhan,‚è≥Build,Menyusun daftar peraturan terkait keberlanjutan,Menjamin R\&D mematuhi peraturan lingkungan,Memantau peraturan lingkungan untuk R\&D,
,Bot Validasi Prototipe Produk,Prototipe & Validasi,üöÄReady,Mengontrol kualitas dan fungsionalitas prototipe,Memastikan prototipe siap untuk produksi skala besar,Menguji prototipe produk untuk kesesuaian,https://chatgpt.com/g/g-68da2e2e24dc81919e4a0c2f3e1e4f85-proto-validasi-prototipe-produk
,Bot Validasi Pengujian Pengguna,Prototipe & Validasi,‚è≥Build,Melakukan uji coba dengan pengguna,Menjamin produk diterima oleh pengguna,Mengonfirmasi produk sesuai kebutuhan pengguna,
,Bot Kontrol Kualitas R&D,Kontrol Kualitas,üöÄReady,Memantau kualitas bahan dan produk,Menjamin kualitas tetap tinggi dalam R\&D,Memastikan kontrol kualitas selama tahap R\&D,https://chatgpt.com/g/g-68da2f1cebbc8191a5d700f601ecd777-koku-kontrol-kualitas-r-d
,"ANDRA - RAYRANGER Superbot Asistant Bu Cahya",Asisten AI pribadi,üöÄFinetuned,"Menjawab pertanyaan, mengatur agenda, dan membantu pencarian informasi",Meningkatkan efisiensi waktu dengan menyediakan asisten digital untuk kebutuhan sehari‚Äëhari,Menjalankan tugas administratif dan riset untuk pengguna bernama Bu Cahya,https://chatgpt.com/g/g-684169e886e48191b1021cedc70d3178-andra-rayranger-superbot-asistant-bu-cahya